review_id,rating,review_text
1,5,"Absolutely love this product! It has completely changed my workflow for the better."
2,2,"The build quality is poor. It felt like it was going to break the first time I used it."
3,4,"Great value for the money. A few minor bugs here and there, but overall very satisfied."
4,1,"Terrible experience. The customer support was rude and the item arrived broken."
5,3,"It's okay. Does what it says on the tin, but nothing spectacular. A bit overpriced."
6,5,"Incredible performance and sleek design. Highly recommend to anyone in the industry!"
7,2,"Too complicated to set up. I spent three hours reading the manual and still can't get it to work."
8,4,"Solid product. The battery life is impressive, though the charging cable is a bit short."
9,5,"Best purchase I've made this year. The integration with other tools is seamless."
10,1,"Complete waste of money. Stopped working after two days and I can't get a refund."
11,3,"Average. It works, but the user interface feels dated and clunky."
12,4,"Very happy with the results. Shipping was fast and packaging was secure."
13,2,"Disappointed. The features advertised on the website are not all present in the actual product."
14,5,"Fantastic! The attention to detail is apparent. I'm impressed by the stability."
15,3,"Decent, but there are better alternatives available for a similar price point."
16,4,"Good quality. I wish it had a dark mode for the interface, but otherwise, it's great."
17,1,"Horrible. The app crashes every time I try to export my data."
18,5,"Exceeded my expectations in every way. A true game-changer."
19,2,"Not worth the hype. It's slow and the software is buggy."
20,4,"Pretty good. It took some time to get used to, but now I can't live without it."
