review_id,review,rating
1,"Great sound quality and very comfortable",5
2,"Battery dies very quickly",2
3,"Good product but Bluetooth disconnects sometimes",3
4,"Excellent design and amazing audio",5
5,"Too expensive for the features",2
6,"Amazing bass and clear highs",5
7,"The ear cups are too small",2
8,"Battery lasts all day, very impressed",5
9,"Bluetooth range is terrible",1
10,"Best headphones I have ever owned",5
11,"Static noise in the left ear",2
12,"Comfortable for long flights",4
13,"Price is too high for the build quality",3
14,"Sound is tinny and lacking depth",2
15,"Love the noise cancellation feature",5
16,"Stopped working after two months",1
17," Sleek design and feels premium",5
18,"Charging port is loose",2
19,"Simple to set up and use",4
20,"Great value for the money",4
